{
    "block_size": 3072,
    "loss_mean": 6.042065620422363,
    "ppl": 420.7612609863281
}