{
    "block_size": 512,
    "loss_mean": 2.5690805912017822,
    "ppl": 13.053816795349121
}