{
    "block_size": 1024,
    "loss_mean": 5.1230058670043945,
    "ppl": 167.839111328125
}