{
    "block_size": 128,
    "loss_mean": 2.6564791202545166,
    "ppl": 14.246042251586914
}