{
    "block_size": 2048,
    "loss_mean": 5.767268657684326,
    "ppl": 319.6634521484375
}