{
    "block_size": 256,
    "loss_mean": 2.5999109745025635,
    "ppl": 13.462539672851562
}