{
    "block_size": 64,
    "loss_mean": 2.7522435188293457,
    "ppl": 15.677765846252441
}