{
    "block_size": 1536,
    "loss_mean": 5.542914867401123,
    "ppl": 255.42144775390625
}