{
    "block_size": 64,
    "loss_mean": 2.703407049179077,
    "ppl": 14.930514335632324
}