{
    "block_size": 256,
    "loss_mean": 2.558225393295288,
    "ppl": 12.912881851196289
}