{
    "block_size": 1024,
    "loss_mean": 6.382984161376953,
    "ppl": 591.6907958984375
}