{
    "block_size": 1536,
    "loss_mean": 6.57154655456543,
    "ppl": 714.4739379882812
}