{
    "block_size": 3072,
    "loss_mean": 6.636397361755371,
    "ppl": 762.3436279296875
}