{
    "block_size": 512,
    "loss_mean": 2.526650905609131,
    "ppl": 12.5115327835083
}