{
    "block_size": 128,
    "loss_mean": 2.6105737686157227,
    "ppl": 13.606856346130371
}