{
    "block_size": 2048,
    "loss_mean": 6.417794227600098,
    "ppl": 612.6502685546875
}