{
    "block_size": 256,
    "loss_mean": 2.572065591812134,
    "ppl": 13.092841148376465
}