{
    "block_size": 1536,
    "loss_mean": 2.541416883468628,
    "ppl": 12.697649002075195
}