{
    "block_size": 1024,
    "loss_mean": 2.533252477645874,
    "ppl": 12.594403266906738
}