{
    "block_size": 512,
    "loss_mean": 2.539604902267456,
    "ppl": 12.674662590026855
}