{
    "block_size": 128,
    "loss_mean": 2.624868869781494,
    "ppl": 13.802763938903809
}