{
    "block_size": 64,
    "loss_mean": 2.7166104316711426,
    "ppl": 15.128954887390137
}