{
    "block_size": 2048,
    "loss_mean": 2.5461862087249756,
    "ppl": 12.758354187011719
}