{
    "block_size": 3072,
    "loss_mean": 2.5519158840179443,
    "ppl": 12.831664085388184
}