{
    "block_size": 256,
    "loss_mean": 2.57427978515625,
    "ppl": 13.12186336517334
}