{
    "block_size": 2048,
    "loss_mean": 3.950390338897705,
    "ppl": 51.95564270019531
}