{
    "block_size": 128,
    "loss_mean": 2.6286795139312744,
    "ppl": 13.855462074279785
}