{
    "block_size": 1024,
    "loss_mean": 2.630134105682373,
    "ppl": 13.875631332397461
}