{
    "block_size": 64,
    "loss_mean": 2.7220935821533203,
    "ppl": 15.212136268615723
}