{
    "block_size": 1536,
    "loss_mean": 3.276472330093384,
    "ppl": 26.482189178466797
}