{
    "block_size": 512,
    "loss_mean": 2.5430142879486084,
    "ppl": 12.717948913574219
}