{
    "block_size": 128,
    "loss_mean": 2.6530253887176514,
    "ppl": 14.196925163269043
}