{
    "block_size": 64,
    "loss_mean": 2.7478528022766113,
    "ppl": 15.60908031463623
}