{
    "block_size": 1536,
    "loss_mean": 5.912024021148682,
    "ppl": 369.45318603515625
}