{
    "block_size": 512,
    "loss_mean": 2.567282199859619,
    "ppl": 13.030363082885742
}