{
    "block_size": 1024,
    "loss_mean": 5.770621299743652,
    "ppl": 320.7369384765625
}