{
    "block_size": 2048,
    "loss_mean": 5.96288537979126,
    "ppl": 388.7301330566406
}