{
    "block_size": 256,
    "loss_mean": 2.598422050476074,
    "ppl": 13.442509651184082
}