{
    "block_size": 3072,
    "loss_mean": 6.170526504516602,
    "ppl": 478.43792724609375
}